stage,chemo_yes,chemo_no,overall_mean
1,86.548333342,157.67934857957795,154.8397870930479
2,111.71994301994444,121.34512126261085,118.61507070650909
3,76.07833333648334,93.92011494568966,84.84802260202542
4,31.911111109,65.93333332857142,55.7266666627
